"Divari";"Laurin_pakka";"Martin_pakka";"Kierros";"Ottelu_ID";"Ottelu_No";"BO_mode";"TurnausNo";"Aloittaja";"peli_ID";"Voittaja";"Aloitusaika";"Aloituspvm";"Lopetusaika";"Lopetuspvm";"Laurin_mulligan";"Martin_mulligan";"Laurin_arvosana";"Martin_arvosana";"Laurin_humala";"Martin_humala";"Laurin_landit";"Martin_landit";"Vuoroarvio";"Laurin_kasikortit";"Martin_kasikortit";"Lauri_voitti";"Martti_voitti";"Laurin_lifet";"Martin_lifet"
1;1;1;1;1;NA;1;3;1;1;1;71096;17162;71097;17162;0;0;1;1;-0.1;-0.1;0;0;0;-1;-1;0;1;0;0
1;2;1;1;2;NA;1;3;0;2;1;71090;17162;71091;17162;0;0;1;1;-0.1;-0.1;0;0;0;-1;-1;0;1;0;0
1;1;2;1;3;NA;1;3;0;3;0;71083;17162;71085;17162;0;0;1;1;-0.1;-0.1;0;0;0;-1;-1;1;0;0;0
1;2;2;1;4;NA;1;3;1;4;0;71079;17162;71080;17162;0;0;1;1;-0.1;-0.1;0;0;0;-1;-1;1;0;0;0
2;3;3;1;5;NA;1;3;0;5;0;71052;17162;71055;17162;0;0;1;1;-0.1;-0.1;0;0;0;-1;-1;1;0;0;0
2;4;3;1;6;NA;1;3;1;6;0;71086;17162;71088;17162;0;0;1;1;-0.1;-0.1;0;0;0;-1;-1;1;0;0;0
2;3;4;1;7;NA;1;3;1;7;0;71070;17162;71072;17162;0;0;1;1;-0.1;-0.1;0;0;0;-1;-1;1;0;0;0
2;4;4;1;8;NA;1;3;0;8;0;71076;17162;71077;17162;0;0;1;1;-0.1;-0.1;0;0;0;-1;-1;1;0;0;0
3;5;5;1;9;NA;1;3;1;9;0;71068;17162;71069;17162;0;0;1;1;-0.1;-0.1;0;0;0;-1;-1;1;0;0;0
3;6;5;1;10;NA;1;3;0;10;0;71572;17162;71573;17162;0;0;1;1;-0.1;-0.1;0;0;0;-1;-1;1;0;0;0
3;5;6;1;11;NA;1;3;0;11;1;34319;17163;34322;17163;0;0;1;1;-0.1;-0.1;0;0;0;-1;-1;0;1;0;0
3;6;6;1;12;NA;1;3;1;12;0;34314;17163;34316;17163;0;0;1;1;-0.1;-0.1;0;0;0;-1;-1;1;0;0;0
1;1;1;1;13;NA;1;4;0;13;0;39658;17163;39670;17163;0;0;1;1;-0.1;-0.1;0;0;0;-1;-1;1;0;0;0
1;2;1;1;14;NA;1;4;1;14;0;40295;17163;40311;17163;0;0;1;1;-0.1;-0.1;0;0;0;-1;-1;1;0;0;0
1;1;2;1;15;NA;1;4;1;15;0;35215;17163;35217;17163;0;0;1;1;-0.1;-0.1;0;0;0;-1;-1;1;0;0;0
1;2;2;1;16;NA;1;4;0;16;0;38961;17163;38965;17163;0;0;1;1;-0.1;-0.1;0;0;0;-1;-1;1;0;0;0
2;3;3;1;17;NA;1;4;1;17;0;40659;17163;40663;17163;0;0;1;1;-0.1;-0.1;0;0;0;-1;-1;1;0;0;0
2;4;3;1;18;NA;1;4;0;18;0;40324;17163;40330;17163;0;0;1;1;-0.1;-0.1;0;0;0;-1;-1;1;0;0;0
2;3;4;1;19;NA;1;4;0;19;0;38989;17163;38994;17163;0;0;1;1;-0.1;-0.1;0;0;0;-1;-1;1;0;0;0
2;4;4;1;20;NA;1;4;1;20;0;40394;17163;40399;17163;0;0;1;1;-0.1;-0.1;0;0;0;-1;-1;1;0;0;0
3;5;5;1;21;NA;1;4;0;21;0;38653;17163;38660;17163;0;0;1;1;-0.1;-0.1;0;0;0;-1;-1;1;0;0;0
3;6;5;1;22;NA;1;4;1;22;0;39975;17163;39989;17163;0;0;1;1;-0.1;-0.1;0;0;0;-1;-1;1;0;0;0
3;5;6;1;23;NA;1;4;1;23;0;39162;17163;39168;17163;0;0;1;1;-0.1;-0.1;0;0;0;-1;-1;1;0;0;0
3;6;6;1;24;NA;1;4;0;24;0;40927;17163;40931;17163;0;0;1;1;-0.1;-0.1;0;0;0;-1;-1;1;0;0;0
1;1;1;2;13;NA;1;4;1;25;1;40256;17163;40273;17163;0;0;1;1;-0.1;-0.1;0;0;0;-1;-1;0;1;0;0
1;2;1;2;14;NA;1;4;0;26;1;40336;17163;40344;17163;0;0;1;1;-0.1;-0.1;0;0;0;-1;-1;0;1;0;0
1;1;2;2;15;NA;1;4;0;27;0;38858;17163;38865;17163;0;0;1;1;-0.1;-0.1;0;0;0;-1;-1;1;0;0;0
1;2;2;2;16;NA;1;4;1;28;0;38999;17163;39007;17163;0;0;1;1;-0.1;-0.1;0;0;0;-1;-1;1;0;0;0
2;3;3;2;17;NA;1;4;0;29;0;40910;17163;40915;17163;0;0;1;1;-0.1;-0.1;0;0;0;-1;-1;1;0;0;0
2;4;3;2;18;NA;1;4;1;30;1;40345;17163;40350;17163;0;0;1;1;-0.1;-0.1;0;0;0;-1;-1;0;1;0;0
2;3;4;2;19;NA;1;4;1;31;0;39021;17163;39028;17163;0;0;1;1;-0.1;-0.1;0;0;0;-1;-1;1;0;0;0
2;4;4;2;20;NA;1;4;0;32;0;40614;17163;40624;17163;0;0;1;1;-0.1;-0.1;0;0;0;-1;-1;1;0;0;0
3;5;5;2;21;NA;1;4;1;33;0;38884;17163;38897;17163;0;0;1;1;-0.1;-0.1;0;0;0;-1;-1;1;0;0;0
3;6;5;2;22;NA;1;4;0;34;1;40275;17163;40279;17163;0;0;1;1;-0.1;-0.1;0;0;0;-1;-1;0;1;0;0
3;5;6;2;23;NA;1;4;0;35;1;39172;17163;39178;17163;0;0;1;1;-0.1;-0.1;0;0;0;-1;-1;0;1;0;0
3;6;6;2;24;NA;1;4;1;36;0;40933;17163;40934;17163;0;0;1;1;-0.1;-0.1;0;0;0;-1;-1;1;0;0;0
1;1;1;3;13;NA;1;4;0;37;1;40280;17163;40286;17163;0;0;1;1;-0.1;-0.1;0;0;0;-1;-1;0;1;0;0
1;2;1;3;14;NA;1;4;1;38;1;40364;17163;40368;17163;0;0;1;1;-0.1;-0.1;0;0;0;-1;-1;0;1;0;0
1;1;2;3;15;NA;1;4;1;39;1;38869;17163;38873;17163;0;0;1;1;-0.1;-0.1;0;0;0;-1;-1;0;1;0;0
1;2;2;3;16;NA;1;4;0;40;0;39014;17163;39018;17163;0;0;1;1;-0.1;-0.1;0;0;0;-1;-1;1;0;0;0
2;3;3;3;17;NA;1;4;1;41;0;40920;17163;40923;17163;0;0;1;1;-0.1;-0.1;0;0;0;-1;-1;1;0;0;0
2;4;3;3;18;NA;1;4;0;42;1;40370;17163;40374;17163;0;0;1;1;-0.1;-0.1;0;0;0;-1;-1;0;1;0;0
2;3;4;3;19;NA;1;4;0;43;1;39032;17163;39042;17163;0;0;1;1;-0.1;-0.1;0;0;0;-1;-1;0;1;0;0
2;4;4;3;20;NA;1;4;1;44;0;40642;17163;40646;17163;0;0;1;1;-0.1;-0.1;0;0;0;-1;-1;1;0;0;0
3;5;5;3;21;NA;1;4;0;45;1;38901;17163;38902;17163;0;0;1;1;-0.1;-0.1;0;0;0;-1;-1;0;1;0;0
3;6;5;3;22;NA;1;4;1;46;1;40287;17163;40290;17163;0;0;1;1;-0.1;-0.1;0;0;0;-1;-1;0;1;0;0
3;5;6;3;23;NA;1;4;1;47;1;39646;17163;39655;17163;0;0;1;1;-0.1;-0.1;0;0;0;-1;-1;0;1;0;0
3;6;6;3;24;NA;1;4;0;48;0;40935;17163;40938;17163;0;0;1;1;-0.1;-0.1;0;0;0;-1;-1;1;0;0;0
1;1;1;1;25;NA;1;5;1;49;0;42268;17163;42272;17163;0;0;1;1;-0.1;-0.1;0;0;0;-1;-1;1;0;0;0
1;2;1;1;26;NA;1;5;0;50;0;42258;17163;42262;17163;0;0;1;1;-0.1;-0.1;0;0;0;-1;-1;1;0;0;0
1;1;2;1;27;NA;1;5;0;51;0;49045;17163;49051;17163;0;0;1;1;-0.1;-0.1;0;0;0;-1;-1;1;0;0;0
1;2;2;1;28;NA;1;5;1;52;0;42244;17163;42246;17163;0;0;1;1;-0.1;-0.1;0;0;0;-1;-1;1;0;0;0
2;3;3;1;29;NA;1;5;0;53;0;48916;17163;48922;17163;0;0;1;1;-0.1;-0.1;0;0;0;-1;-1;1;0;0;0
2;4;3;1;30;NA;1;5;1;54;1;41837;17163;41841;17163;0;0;1;1;-0.1;-0.1;0;0;0;-1;-1;0;1;0;0
2;3;4;1;31;NA;1;5;1;55;0;49055;17163;49057;17163;0;0;1;1;-0.1;-0.1;0;0;0;-1;-1;1;0;0;0
2;4;4;1;32;NA;1;5;0;56;0;41938;17163;41943;17163;0;0;1;1;-0.1;-0.1;0;0;0;-1;-1;1;0;0;0
3;5;5;1;33;NA;1;5;1;57;0;48985;17163;48986;17163;0;0;1;1;-0.1;-0.1;0;0;0;-1;-1;1;0;0;0
3;6;5;1;34;NA;1;5;0;58;0;47220;17163;47223;17163;0;0;1;1;-0.1;-0.1;0;0;0;-1;-1;1;0;0;0
3;5;6;1;35;NA;1;5;0;59;0;47366;17163;47371;17163;0;0;1;1;-0.1;-0.1;0;0;0;-1;-1;1;0;0;0
3;6;6;1;36;NA;1;5;1;60;0;41828;17163;41834;17163;0;0;1;1;-0.1;-0.1;0;0;0;-1;-1;1;0;0;0
1;1;1;2;25;NA;1;5;0;61;1;42277;17163;42281;17163;0;0;1;1;-0.1;-0.1;0;0;0;-1;-1;0;1;0;0
1;2;1;2;26;NA;1;5;1;62;0;42263;17163;42265;17163;0;0;1;1;-0.1;-0.1;0;0;0;-1;-1;1;0;0;0
1;1;2;2;27;NA;1;5;1;63;0;49059;17163;49060;17163;0;0;1;1;-0.1;-0.1;0;0;0;-1;-1;1;0;0;0
1;2;2;2;28;NA;1;5;0;64;0;42248;17163;42252;17163;0;0;1;1;-0.1;-0.1;0;0;0;-1;-1;1;0;0;0
2;3;3;2;29;NA;1;5;1;65;1;48950;17163;48954;17163;0;0;1;1;-0.1;-0.1;0;0;0;-1;-1;0;1;0;0
2;4;3;2;30;NA;1;5;0;66;0;41844;17163;41855;17163;0;0;1;1;-0.1;-0.1;0;0;0;-1;-1;1;0;0;0
2;3;4;2;31;NA;1;5;0;67;0;49061;17163;49062;17163;0;0;1;1;-0.1;-0.1;0;0;0;-1;-1;1;0;0;0
2;4;4;2;32;NA;1;5;1;68;0;41944;17163;41946;17163;0;0;1;1;-0.1;-0.1;0;0;0;-1;-1;1;0;0;0
3;5;5;2;33;NA;1;5;0;69;0;49064;17163;49065;17163;0;0;1;1;-0.1;-0.1;0;0;0;-1;-1;1;0;0;0
3;6;5;2;34;NA;1;5;1;70;0;48956;17163;48958;17163;0;0;1;1;-0.1;-0.1;0;0;0;-1;-1;1;0;0;0
3;5;6;2;35;NA;1;5;1;71;0;48959;17163;48961;17163;0;0;1;1;-0.1;-0.1;0;0;0;-1;-1;1;0;0;0
3;6;6;2;36;NA;1;5;0;72;0;41857;17163;41861;17163;0;0;1;1;-0.1;-0.1;0;0;0;-1;-1;1;0;0;0
1;1;1;3;25;NA;1;5;1;73;1;42283;17163;42285;17163;0;0;1;1;-0.1;-0.1;0;0;0;-1;-1;0;1;0;0
2;3;3;3;29;NA;1;5;0;77;0;48962;17163;48964;17163;0;0;1;1;-0.1;-0.1;0;0;0;-1;-1;1;0;0;0
2;4;3;3;30;NA;1;5;1;78;0;41863;17163;41870;17163;0;0;1;1;-0.1;-0.1;0;0;0;-1;-1;1;0;0;0
3;6;6;3;36;NA;1;5;1;84;0;41871;17163;41874;17163;0;0;1;1;-0.1;-0.1;0;0;0;-1;-1;1;0;0;0
1;1;1;1;37;NA;0;6;0;85;1;54242;17163;54247;17163;0;0;1;1;-0.1;-0.1;0;0;0;-1;-1;0;1;0;0
1;2;1;1;38;NA;0;6;1;86;0;54152;17163;54153;17163;0;0;1;1;-0.1;-0.1;0;0;0;-1;-1;1;0;0;0
1;1;2;1;39;NA;0;6;1;87;0;50423;17163;50426;17163;0;0;1;1;-0.1;-0.1;0;0;0;-1;-1;1;0;0;0
1;2;2;1;40;NA;0;6;0;88;0;49927;17163;49930;17163;0;0;1;1;-0.1;-0.1;0;0;0;-1;-1;1;0;0;0
2;3;3;1;41;NA;0;6;1;89;0;49517;17163;49528;17163;0;0;1;1;-0.1;-0.1;0;0;0;-1;-1;1;0;0;0
2;4;3;1;42;NA;0;6;0;90;0;49567;17163;49570;17163;0;0;1;1;-0.1;-0.1;0;0;0;-1;-1;1;0;0;0
2;3;4;1;43;NA;0;6;0;91;0;53936;17163;53938;17163;0;0;1;1;-0.1;-0.1;0;0;0;-1;-1;1;0;0;0
2;4;4;1;44;NA;0;6;1;92;0;49661;17163;49663;17163;0;0;1;1;-0.1;-0.1;0;0;0;-1;-1;1;0;0;0
3;5;5;1;45;NA;0;6;0;93;0;49550;17163;49552;17163;0;0;1;1;-0.1;-0.1;0;0;0;-1;-1;1;0;0;0
3;6;5;1;46;NA;0;6;1;94;0;49867;17163;49870;17163;0;0;1;1;-0.1;-0.1;0;0;0;-1;-1;1;0;0;0
3;5;6;1;47;NA;0;6;1;95;0;49749;17163;49751;17163;0;0;1;1;-0.1;-0.1;0;0;0;-1;-1;1;0;0;0
3;6;6;1;48;NA;0;6;0;96;0;49422;17163;49426;17163;0;0;1;1;-0.1;-0.1;0;0;0;-1;-1;1;0;0;0
1;1;1;2;37;NA;0;6;1;97;0;54254;17163;54255;17163;0;0;1;1;-0.1;-0.1;0;0;0;-1;-1;1;0;0;0
1;2;1;2;38;NA;0;6;0;98;1;54229;17163;54234;17163;0;0;1;1;-0.1;-0.1;0;0;0;-1;-1;0;1;0;0
1;1;2;2;39;NA;0;6;0;99;0;53571;17163;53578;17163;0;0;1;1;-0.1;-0.1;0;0;0;-1;-1;1;0;0;0
1;2;2;2;40;NA;0;6;1;100;0;49989;17163;50000;17163;0;0;1;1;-0.1;-0.1;0;0;0;-1;-1;1;0;0;0
2;3;3;2;41;NA;0;6;0;101;0;50313;17163;50316;17163;0;0;1;1;-0.1;-0.1;0;0;0;-1;-1;1;0;0;0
2;4;3;2;42;NA;0;6;1;102;1;50320;17163;50324;17163;0;0;1;1;-0.1;-0.1;0;0;0;-1;-1;0;1;0;0
2;3;4;2;43;NA;0;6;1;103;0;54224;17163;54227;17163;0;0;1;1;-0.1;-0.1;0;0;0;-1;-1;1;0;0;0
2;4;4;2;44;NA;0;6;0;104;1;50326;17163;50329;17163;0;0;1;1;-0.1;-0.1;0;0;0;-1;-1;0;1;0;0
3;5;5;2;45;NA;0;6;1;105;1;50331;17163;50333;17163;0;0;1;1;-0.1;-0.1;0;0;0;-1;-1;0;1;0;0
3;6;5;2;46;NA;0;6;0;106;0;50334;17163;50336;17163;0;0;1;1;-0.1;-0.1;0;0;0;-1;-1;1;0;0;0
3;5;6;2;47;NA;0;6;0;107;0;50337;17163;50339;17163;0;0;1;1;-0.1;-0.1;0;0;0;-1;-1;1;0;0;0
3;6;6;2;48;NA;0;6;1;108;0;50340;17163;50342;17163;0;0;1;1;-0.1;-0.1;0;0;0;-1;-1;1;0;0;0
1;1;1;1;49;NA;0;7;1;109;0;32332;17164;32333;17164;0;0;1;1;-0.1;-0.1;0;0;0;-1;-1;1;0;0;0
1;2;1;1;50;NA;0;7;0;110;1;32794;17164;32798;17164;0;0;1;1;-0.1;-0.1;0;0;0;-1;-1;0;1;0;0
1;1;2;1;51;NA;0;7;0;111;0;31437;17164;31441;17164;0;0;1;1;-0.1;-0.1;0;0;0;-1;-1;1;0;0;0
1;2;2;1;52;NA;0;7;1;112;0;31394;17164;31420;17164;0;0;1;1;-0.1;-0.1;0;0;0;-1;-1;1;0;0;0
2;3;3;1;53;NA;0;7;0;113;0;32373;17164;32380;17164;0;0;1;1;-0.1;-0.1;0;0;0;-1;-1;1;0;0;0
2;4;3;1;54;NA;0;7;1;114;0;32462;17164;32465;17164;0;0;1;1;-0.1;-0.1;0;0;0;-1;-1;1;0;0;0
2;3;4;1;55;NA;0;7;1;115;0;34208;17164;34209;17164;0;0;1;1;-0.1;-0.1;0;0;0;-1;-1;1;0;0;0
2;4;4;1;56;NA;0;7;0;116;1;32386;17164;32388;17164;0;0;1;1;-0.1;-0.1;0;0;0;-1;-1;0;1;0;0
3;5;5;1;57;NA;0;7;1;117;0;31421;17164;31423;17164;0;0;1;1;-0.1;-0.1;0;0;0;-1;-1;1;0;0;0
3;6;5;1;58;NA;0;7;0;118;0;34203;17164;34204;17164;0;0;1;1;-0.1;-0.1;0;0;0;-1;-1;1;0;0;0
3;5;6;1;59;NA;0;7;0;119;0;34201;17164;34202;17164;0;0;1;1;-0.1;-0.1;0;0;0;-1;-1;1;0;0;0
3;6;6;1;60;NA;0;7;1;120;0;33933;17164;33943;17164;0;0;1;1;-0.1;-0.1;0;0;0;-1;-1;1;0;0;0
1;1;1;2;49;NA;0;7;0;121;1;32335;17164;32340;17164;0;0;1;1;-0.1;-0.1;0;0;0;-1;-1;0;1;0;0
1;2;1;2;50;NA;0;7;1;122;0;34193;17164;34194;17164;0;0;1;1;-0.1;-0.1;0;0;0;-1;-1;1;0;0;0
1;1;2;2;51;NA;0;7;1;123;1;31444;17164;31447;17164;0;0;1;1;-0.1;-0.1;0;0;0;-1;-1;0;1;0;0
1;2;2;2;52;NA;0;7;0;124;0;31424;17164;31427;17164;0;0;1;1;-0.1;-0.1;0;0;0;-1;-1;1;0;0;0
2;3;3;2;53;NA;0;7;1;125;1;32380;17164;32383;17164;0;0;1;1;-0.1;-0.1;0;0;0;-1;-1;0;1;0;0
2;4;3;2;54;NA;0;7;0;126;0;34198;17164;34199;17164;0;0;1;1;-0.1;-0.1;0;0;0;-1;-1;1;0;0;0
2;3;4;2;55;NA;0;7;0;127;0;34212;17164;34215;17164;0;0;1;1;-0.1;-0.1;0;0;0;-1;-1;1;0;0;0
2;4;4;2;56;NA;0;7;1;128;1;32402;17164;32406;17164;0;0;1;1;-0.1;-0.1;0;0;0;-1;-1;0;1;0;0
3;5;5;2;57;NA;0;7;0;129;0;31427;17164;31429;17164;0;0;1;1;-0.1;-0.1;0;0;0;-1;-1;1;0;0;0
3;6;5;2;58;NA;0;7;1;130;0;34205;17164;34207;17164;0;0;1;1;-0.1;-0.1;0;0;0;-1;-1;1;0;0;0
3;5;6;2;59;NA;0;7;1;131;0;34417;17164;34419;17164;0;0;1;1;-0.1;-0.1;0;0;0;-1;-1;1;0;0;0
3;6;6;2;60;NA;0;7;0;132;0;34423;17164;34425;17164;0;0;1;1;-0.1;-0.1;0;0;0;-1;-1;1;0;0;0
1;1;1;1;61;NA;0;8;0;133;0;34495;17164;34496;17164;0;0;1;1;-0.1;-0.1;0;0;0;-1;-1;1;0;0;0
1;2;1;1;62;NA;0;8;1;134;0;34510;17164;34511;17164;0;0;1;1;-0.1;-0.1;0;0;0;-1;-1;1;0;0;0
1;1;2;1;63;NA;0;8;1;135;0;34506;17164;34507;17164;0;0;1;1;-0.1;-0.1;0;0;0;-1;-1;1;0;0;0
1;2;2;1;64;NA;0;8;0;136;0;34502;17164;34505;17164;0;0;1;1;-0.1;-0.1;0;0;0;-1;-1;1;0;0;0
2;3;3;1;65;NA;0;8;1;137;0;34512;17164;34514;17164;0;0;1;1;-0.1;-0.1;0;0;0;-1;-1;1;0;0;0
2;4;3;1;66;NA;0;8;0;138;0;34500;17164;34501;17164;0;0;1;1;-0.1;-0.1;0;0;0;-1;-1;1;0;0;0
2;3;4;1;67;NA;0;8;0;139;0;34497;17164;34499;17164;0;0;1;1;-0.1;-0.1;0;0;0;-1;-1;1;0;0;0
2;4;4;1;68;NA;0;8;1;140;0;34508;17164;34509;17164;0;0;1;1;-0.1;-0.1;0;0;0;-1;-1;1;0;0;0
3;5;5;1;69;NA;0;8;0;141;0;34490;17164;34492;17164;0;0;1;1;-0.1;-0.1;0;0;0;-1;-1;1;0;0;0
3;6;5;1;70;NA;0;8;1;142;0;34466;17164;34468;17164;0;0;1;1;-0.1;-0.1;0;0;0;-1;-1;1;0;0;0
3;5;6;1;71;NA;0;8;1;143;0;34515;17164;34516;17164;0;0;1;1;-0.1;-0.1;0;0;0;-1;-1;1;0;0;0
3;6;6;1;72;NA;0;8;0;144;0;34517;17164;34519;17164;0;0;1;1;-0.1;-0.1;0;0;0;-1;-1;1;0;0;0
1;2;1;1;73;NA;0;9;1;145;1;35049;17164;35051;17164;0;0;1;1;-0.1;-0.1;0;0;0;-1;-1;0;1;0;0
1;2;2;1;74;NA;0;9;0;146;0;45944;17164;45945;17164;0;0;1;1;-0.1;-0.1;0;0;0;-1;-1;1;0;0;0
2;3;3;1;75;NA;0;9;0;147;0;35071;17164;35073;17164;0;0;1;1;-0.1;-0.1;0;0;0;-1;-1;1;0;0;0
2;3;4;1;76;NA;0;9;1;148;0;35062;17164;35067;17164;0;0;1;1;-0.1;-0.1;0;0;0;-1;-1;1;0;0;0
3;5;5;1;77;NA;0;9;1;149;0;35045;17164;35048;17164;0;0;1;1;-0.1;-0.1;0;0;0;-1;-1;1;0;0;0
3;6;5;1;78;NA;0;9;0;150;1;35068;17164;35070;17164;0;0;1;1;-0.1;-0.1;0;0;0;-1;-1;0;1;0;0
2;1;5;1;79;NA;0;10;1;151;0;58510;17212;58513;17212;1;0;1;1;-0.1;-0.1;0;0;0;-1;-1;1;0;0;0
2;2;5;1;80;NA;0;10;0;152;1;58494;17212;58497;17212;1;0;1;1;-0.1;-0.1;0;0;0;-1;-1;0;1;0;0
2;6;5;1;81;NA;0;10;1;153;0;58482;17212;58485;17212;1;0;1;1;-0.1;-0.1;0;0;0;-1;-1;1;0;0;0
2;1;6;1;82;NA;0;10;0;154;1;58501;17212;58503;17212;1;0;1;1;-0.1;-0.1;0;0;0;-1;-1;0;1;0;0
2;2;6;1;83;NA;0;10;1;155;1;58507;17212;58509;17212;1;0;1;1;-0.1;-0.1;0;0;0;-1;-1;0;1;0;0
2;6;6;1;84;NA;0;10;0;156;0;58490;17212;58493;17212;1;0;1;1;-0.1;-0.1;0;0;0;-1;-1;1;0;0;0
1;3;1;1;85;NA;0;10;0;157;0;58505;17212;58506;17212;1;0;1;1;-0.1;-0.1;0;0;0;-1;-1;1;0;0;0
1;4;1;1;86;NA;0;10;1;158;1;58514;17212;58515;17212;1;0;1;1;-0.1;-0.1;0;0;0;-1;-1;0;1;0;0
1;3;2;1;87;NA;0;10;1;159;1;58486;17212;58489;17212;1;0;1;1;-0.1;-0.1;0;0;0;-1;-1;0;1;0;0
1;4;2;1;88;NA;0;10;0;160;0;58498;17212;58500;17212;1;0;1;1;-0.1;-0.1;0;0;0;-1;-1;1;0;0;0
2;1;3;1;89;NA;0;11;0;161;1;26991;17214;26993;17214;0;0;1;1;-0.1;-0.1;0;0;0;-1;-1;0;1;0;0
2;2;3;1;90;NA;0;11;1;162;0;27008;17214;27009;17214;0;0;1;1;-0.1;-0.1;0;0;0;-1;-1;1;0;0;0
2;5;3;1;91;NA;0;11;0;163;0;26970;17214;26973;17214;0;0;1;1;-0.1;-0.1;0;0;0;-1;-1;1;0;0;0
2;6;3;1;92;NA;0;11;1;164;0;26994;17214;27002;17214;0;0;1;1;-0.1;-0.1;0;0;0;-1;-1;1;0;0;0
2;1;4;1;93;NA;0;11;1;165;0;26980;17214;26981;17214;0;0;1;1;-0.1;-0.1;0;0;0;-1;-1;1;0;0;0
2;2;4;1;94;NA;0;11;0;166;1;27021;17214;27023;17214;0;0;1;1;-0.1;-0.1;0;0;0;-1;-1;0;1;0;0
2;5;4;1;95;NA;0;11;1;167;0;26983;17214;26985;17214;0;0;1;1;-0.1;-0.1;0;0;0;-1;-1;1;0;0;0
2;6;4;1;96;NA;0;11;0;168;1;26964;17214;26968;17214;0;0;1;1;-0.1;-0.1;0;0;0;-1;-1;0;1;0;0
2;1;5;1;97;NA;0;11;0;169;0;26960;17214;26962;17214;0;0;1;1;-0.1;-0.1;0;0;0;-1;-1;1;0;0;0
2;2;5;1;98;NA;0;11;1;170;0;27005;17214;27006;17214;0;0;1;1;-0.1;-0.1;0;0;0;-1;-1;1;0;0;0
2;5;5;1;99;NA;0;11;0;171;1;27032;17214;27033;17214;0;0;1;1;-0.1;-0.1;0;0;0;-1;-1;0;1;0;0
2;6;5;1;100;NA;0;11;1;172;1;26955;17214;26957;17214;0;0;1;1;-0.1;-0.1;0;0;0;-1;-1;0;1;0;0
2;1;6;1;101;NA;0;11;1;173;0;26944;17214;26946;17214;0;0;1;1;-0.1;-0.1;0;0;0;-1;-1;1;0;0;0
2;2;6;1;102;NA;0;11;0;174;0;26936;17214;26938;17214;0;0;1;1;-0.1;-0.1;0;0;0;-1;-1;1;0;0;0
2;5;6;1;103;NA;0;11;1;175;1;27013;17214;27014;17214;0;0;1;1;-0.1;-0.1;0;0;0;-1;-1;0;1;0;0
2;6;6;1;104;NA;0;11;0;176;0;26950;17214;26952;17214;0;0;1;1;-0.1;-0.1;0;0;0;-1;-1;1;0;0;0
1;3;1;1;105;NA;0;11;1;177;1;26977;17214;26979;17214;0;0;1;1;-0.1;-0.1;0;0;0;-1;-1;0;1;0;0
1;4;1;1;106;NA;0;11;0;178;0;27027;17214;27029;17214;0;0;1;1;-0.1;-0.1;0;0;0;-1;-1;1;0;0;0
1;3;2;1;107;NA;0;11;0;179;0;27018;17214;27019;17214;0;0;1;1;-0.1;-0.1;0;0;0;-1;-1;1;0;0;0
1;4;2;1;108;NA;0;11;1;180;0;26988;17214;26990;17214;0;0;1;1;-0.1;-0.1;0;0;0;-1;-1;1;0;0;0
2;1;3;1;109;1;0;12;0;181;NA;NA;NA;NA;NA;NA;NA;NA;NA;NA;NA;NA;NA;NA;NA;NA;NA;NA;NA;NA
2;2;3;1;110;1;0;12;1;182;NA;NA;NA;NA;NA;NA;NA;NA;NA;NA;NA;NA;NA;NA;NA;NA;NA;NA;NA;NA
2;5;3;1;111;1;0;12;0;183;NA;NA;NA;NA;NA;NA;NA;NA;NA;NA;NA;NA;NA;NA;NA;NA;NA;NA;NA;NA
2;6;3;1;112;1;0;12;1;184;NA;NA;NA;NA;NA;NA;NA;NA;NA;NA;NA;NA;NA;NA;NA;NA;NA;NA;NA;NA
2;1;4;1;113;1;0;12;1;185;NA;NA;NA;NA;NA;NA;NA;NA;NA;NA;NA;NA;NA;NA;NA;NA;NA;NA;NA;NA
2;2;4;1;114;1;0;12;0;186;NA;NA;NA;NA;NA;NA;NA;NA;NA;NA;NA;NA;NA;NA;NA;NA;NA;NA;NA;NA
2;5;4;1;115;1;0;12;1;187;NA;NA;NA;NA;NA;NA;NA;NA;NA;NA;NA;NA;NA;NA;NA;NA;NA;NA;NA;NA
2;6;4;1;116;1;0;12;0;188;NA;NA;NA;NA;NA;NA;NA;NA;NA;NA;NA;NA;NA;NA;NA;NA;NA;NA;NA;NA
2;1;5;1;117;1;0;12;0;189;NA;NA;NA;NA;NA;NA;NA;NA;NA;NA;NA;NA;NA;NA;NA;NA;NA;NA;NA;NA
2;2;5;1;118;1;0;12;1;190;NA;NA;NA;NA;NA;NA;NA;NA;NA;NA;NA;NA;NA;NA;NA;NA;NA;NA;NA;NA
2;5;5;1;119;1;0;12;0;191;NA;NA;NA;NA;NA;NA;NA;NA;NA;NA;NA;NA;NA;NA;NA;NA;NA;NA;NA;NA
2;6;5;1;120;1;0;12;1;192;NA;NA;NA;NA;NA;NA;NA;NA;NA;NA;NA;NA;NA;NA;NA;NA;NA;NA;NA;NA
2;1;6;1;121;1;0;12;1;193;NA;NA;NA;NA;NA;NA;NA;NA;NA;NA;NA;NA;NA;NA;NA;NA;NA;NA;NA;NA
2;2;6;1;122;1;0;12;0;194;NA;NA;NA;NA;NA;NA;NA;NA;NA;NA;NA;NA;NA;NA;NA;NA;NA;NA;NA;NA
2;5;6;1;123;1;0;12;1;195;NA;NA;NA;NA;NA;NA;NA;NA;NA;NA;NA;NA;NA;NA;NA;NA;NA;NA;NA;NA
2;6;6;1;124;1;0;12;0;196;NA;NA;NA;NA;NA;NA;NA;NA;NA;NA;NA;NA;NA;NA;NA;NA;NA;NA;NA;NA
1;3;1;1;125;1;0;12;1;197;NA;NA;NA;NA;NA;NA;NA;NA;NA;NA;NA;NA;NA;NA;NA;NA;NA;NA;NA;NA
1;4;1;1;126;1;0;12;0;198;NA;NA;NA;NA;NA;NA;NA;NA;NA;NA;NA;NA;NA;NA;NA;NA;NA;NA;NA;NA
1;3;2;1;127;1;0;12;0;199;NA;NA;NA;NA;NA;NA;NA;NA;NA;NA;NA;NA;NA;NA;NA;NA;NA;NA;NA;NA
1;4;2;1;128;1;0;12;1;200;NA;NA;NA;NA;NA;NA;NA;NA;NA;NA;NA;NA;NA;NA;NA;NA;NA;NA;NA;NA
2;1;3;1;109;2;0;12;1;201;NA;NA;NA;NA;NA;NA;NA;NA;NA;NA;NA;NA;NA;NA;NA;NA;NA;NA;NA;NA
2;2;3;1;110;2;0;12;0;202;NA;NA;NA;NA;NA;NA;NA;NA;NA;NA;NA;NA;NA;NA;NA;NA;NA;NA;NA;NA
2;5;3;1;111;2;0;12;1;203;NA;NA;NA;NA;NA;NA;NA;NA;NA;NA;NA;NA;NA;NA;NA;NA;NA;NA;NA;NA
2;6;3;1;112;2;0;12;0;204;NA;NA;NA;NA;NA;NA;NA;NA;NA;NA;NA;NA;NA;NA;NA;NA;NA;NA;NA;NA
2;1;4;1;113;2;0;12;0;205;NA;NA;NA;NA;NA;NA;NA;NA;NA;NA;NA;NA;NA;NA;NA;NA;NA;NA;NA;NA
2;2;4;1;114;2;0;12;1;206;NA;NA;NA;NA;NA;NA;NA;NA;NA;NA;NA;NA;NA;NA;NA;NA;NA;NA;NA;NA
2;5;4;1;115;2;0;12;0;207;NA;NA;NA;NA;NA;NA;NA;NA;NA;NA;NA;NA;NA;NA;NA;NA;NA;NA;NA;NA
2;6;4;1;116;2;0;12;1;208;NA;NA;NA;NA;NA;NA;NA;NA;NA;NA;NA;NA;NA;NA;NA;NA;NA;NA;NA;NA
2;1;5;1;117;2;0;12;1;209;NA;NA;NA;NA;NA;NA;NA;NA;NA;NA;NA;NA;NA;NA;NA;NA;NA;NA;NA;NA
2;2;5;1;118;2;0;12;0;210;NA;NA;NA;NA;NA;NA;NA;NA;NA;NA;NA;NA;NA;NA;NA;NA;NA;NA;NA;NA
2;5;5;1;119;2;0;12;1;211;NA;NA;NA;NA;NA;NA;NA;NA;NA;NA;NA;NA;NA;NA;NA;NA;NA;NA;NA;NA
2;6;5;1;120;2;0;12;0;212;NA;NA;NA;NA;NA;NA;NA;NA;NA;NA;NA;NA;NA;NA;NA;NA;NA;NA;NA;NA
2;1;6;1;121;2;0;12;0;213;NA;NA;NA;NA;NA;NA;NA;NA;NA;NA;NA;NA;NA;NA;NA;NA;NA;NA;NA;NA
2;2;6;1;122;2;0;12;1;214;NA;NA;NA;NA;NA;NA;NA;NA;NA;NA;NA;NA;NA;NA;NA;NA;NA;NA;NA;NA
2;5;6;1;123;2;0;12;0;215;NA;NA;NA;NA;NA;NA;NA;NA;NA;NA;NA;NA;NA;NA;NA;NA;NA;NA;NA;NA
2;6;6;1;124;2;0;12;1;216;NA;NA;NA;NA;NA;NA;NA;NA;NA;NA;NA;NA;NA;NA;NA;NA;NA;NA;NA;NA
1;3;1;1;125;2;0;12;0;217;NA;NA;NA;NA;NA;NA;NA;NA;NA;NA;NA;NA;NA;NA;NA;NA;NA;NA;NA;NA
1;4;1;1;126;2;0;12;1;218;NA;NA;NA;NA;NA;NA;NA;NA;NA;NA;NA;NA;NA;NA;NA;NA;NA;NA;NA;NA
1;3;2;1;127;2;0;12;1;219;NA;NA;NA;NA;NA;NA;NA;NA;NA;NA;NA;NA;NA;NA;NA;NA;NA;NA;NA;NA
1;4;2;1;128;2;0;12;0;220;NA;NA;NA;NA;NA;NA;NA;NA;NA;NA;NA;NA;NA;NA;NA;NA;NA;NA;NA;NA
2;1;3;2;129;1;0;12;1;221;NA;NA;NA;NA;NA;NA;NA;NA;NA;NA;NA;NA;NA;NA;NA;NA;NA;NA;NA;NA
2;2;3;2;130;1;0;12;0;222;NA;NA;NA;NA;NA;NA;NA;NA;NA;NA;NA;NA;NA;NA;NA;NA;NA;NA;NA;NA
2;5;3;2;131;1;0;12;1;223;NA;NA;NA;NA;NA;NA;NA;NA;NA;NA;NA;NA;NA;NA;NA;NA;NA;NA;NA;NA
2;6;3;2;132;1;0;12;0;224;NA;NA;NA;NA;NA;NA;NA;NA;NA;NA;NA;NA;NA;NA;NA;NA;NA;NA;NA;NA
2;1;4;2;133;1;0;12;0;225;NA;NA;NA;NA;NA;NA;NA;NA;NA;NA;NA;NA;NA;NA;NA;NA;NA;NA;NA;NA
2;2;4;2;134;1;0;12;1;226;NA;NA;NA;NA;NA;NA;NA;NA;NA;NA;NA;NA;NA;NA;NA;NA;NA;NA;NA;NA
2;5;4;2;135;1;0;12;0;227;NA;NA;NA;NA;NA;NA;NA;NA;NA;NA;NA;NA;NA;NA;NA;NA;NA;NA;NA;NA
2;6;4;2;136;1;0;12;1;228;0;72048;17220;72060;17220;0;0;1;1;-0.1;-0.1;0;0;0;-1;-1;1;0;0;0
2;1;5;2;137;1;0;12;1;229;NA;NA;NA;NA;NA;NA;NA;NA;NA;NA;NA;NA;NA;NA;NA;NA;NA;NA;NA;NA
2;2;5;2;138;1;0;12;0;230;0;26154;17221;26157;17221;0;0;1;1;-0.1;-0.1;0;0;0;-1;-1;1;0;0;0
2;5;5;2;139;1;0;12;1;231;1;29460;17217;29467;17217;0;0;1;1;-0.1;-0.1;0;0;0;-1;-1;0;1;0;0
2;6;5;2;140;1;0;12;0;232;NA;NA;NA;NA;NA;NA;NA;NA;NA;NA;NA;NA;NA;NA;NA;NA;NA;NA;NA;NA
2;1;6;2;141;1;0;12;0;233;1;29119;17217;29126;17217;0;0;1;1;-0.1;-0.1;0;0;0;-1;-1;0;1;0;0
2;2;6;2;142;1;0;12;1;234;NA;NA;NA;NA;NA;NA;NA;NA;NA;NA;NA;NA;NA;NA;NA;NA;NA;NA;NA;NA
2;5;6;2;143;1;0;12;0;235;NA;NA;NA;NA;NA;NA;NA;NA;NA;NA;NA;NA;NA;NA;NA;NA;NA;NA;NA;NA
2;6;6;2;144;1;0;12;1;236;0;72108;17220;72118;17220;0;0;1;1;-0.1;-0.1;0;0;0;-1;-1;1;0;0;0
1;3;1;2;145;1;0;12;0;237;1;59403;17219;59420;17219;0;0;1;1;-0.1;-0.1;0;0;0;-1;-1;0;1;0;0
1;4;1;2;146;1;0;12;1;238;NA;NA;NA;NA;NA;NA;NA;NA;NA;NA;NA;NA;NA;NA;NA;NA;NA;NA;NA;NA
1;3;2;2;147;1;0;12;1;239;NA;NA;NA;NA;NA;NA;NA;NA;NA;NA;NA;NA;NA;NA;NA;NA;NA;NA;NA;NA
1;4;2;2;148;1;0;12;0;240;NA;NA;NA;NA;NA;NA;NA;NA;NA;NA;NA;NA;NA;NA;NA;NA;NA;NA;NA;NA
2;1;3;2;129;2;0;12;0;241;NA;NA;NA;NA;NA;NA;NA;NA;NA;NA;NA;NA;NA;NA;NA;NA;NA;NA;NA;NA
2;2;3;2;130;2;0;12;1;242;NA;NA;NA;NA;NA;NA;NA;NA;NA;NA;NA;NA;NA;NA;NA;NA;NA;NA;NA;NA
2;5;3;2;131;2;0;12;0;243;NA;NA;NA;NA;NA;NA;NA;NA;NA;NA;NA;NA;NA;NA;NA;NA;NA;NA;NA;NA
2;6;3;2;132;2;0;12;1;244;NA;NA;NA;NA;NA;NA;NA;NA;NA;NA;NA;NA;NA;NA;NA;NA;NA;NA;NA;NA
2;1;4;2;133;2;0;12;1;245;NA;NA;NA;NA;NA;NA;NA;NA;NA;NA;NA;NA;NA;NA;NA;NA;NA;NA;NA;NA
2;2;4;2;134;2;0;12;0;246;NA;NA;NA;NA;NA;NA;NA;NA;NA;NA;NA;NA;NA;NA;NA;NA;NA;NA;NA;NA
2;5;4;2;135;2;0;12;1;247;NA;NA;NA;NA;NA;NA;NA;NA;NA;NA;NA;NA;NA;NA;NA;NA;NA;NA;NA;NA
2;6;4;2;136;2;0;12;0;248;0;72060;17220;72072;17220;0;0;1;1;-0.1;-0.1;0;0;0;-1;-1;1;0;0;0
2;1;5;2;137;2;0;12;0;249;NA;NA;NA;NA;NA;NA;NA;NA;NA;NA;NA;NA;NA;NA;NA;NA;NA;NA;NA;NA
2;2;5;2;138;2;0;12;1;250;1;26157;17221;26175;17221;0;0;1;1;-0.1;-0.1;0;0;0;-1;-1;0;1;0;0
2;5;5;2;139;2;0;12;0;251;1;29468;17217;29474;17217;0;0;1;1;-0.1;-0.1;0;0;0;-1;-1;0;1;0;0
2;6;5;2;140;2;0;12;1;252;NA;NA;NA;NA;NA;NA;NA;NA;NA;NA;NA;NA;NA;NA;NA;NA;NA;NA;NA;NA
2;1;6;2;141;2;0;12;1;253;NA;NA;NA;NA;NA;NA;NA;NA;NA;NA;NA;NA;NA;NA;NA;NA;NA;NA;NA;NA
2;2;6;2;142;2;0;12;0;254;NA;NA;NA;NA;NA;NA;NA;NA;NA;NA;NA;NA;NA;NA;NA;NA;NA;NA;NA;NA
2;5;6;2;143;2;0;12;1;255;NA;NA;NA;NA;NA;NA;NA;NA;NA;NA;NA;NA;NA;NA;NA;NA;NA;NA;NA;NA
2;6;6;2;144;2;0;12;0;256;1;27586;17221;27596;17221;0;0;1;1;-0.1;-0.1;0;0;0;-1;-1;0;1;0;0
1;3;1;2;145;2;0;12;1;257;1;59439;17219;59461;17219;0;0;1;1;-0.1;-0.1;0;0;0;-1;-1;0;1;0;0
1;4;1;2;146;2;0;12;0;258;NA;NA;NA;NA;NA;NA;NA;NA;NA;NA;NA;NA;NA;NA;NA;NA;NA;NA;NA;NA
1;3;2;2;147;2;0;12;0;259;NA;NA;NA;NA;NA;NA;NA;NA;NA;NA;NA;NA;NA;NA;NA;NA;NA;NA;NA;NA
1;4;2;2;148;2;0;12;1;260;NA;NA;NA;NA;NA;NA;NA;NA;NA;NA;NA;NA;NA;NA;NA;NA;NA;NA;NA;NA
